text,predicted_class,confidence,user_category,ablation_mode,explanation,lime_coverage,ontology_hit_rate,flesch_reading_ease,flesch_kincaid_grade,smog_index
Normalization of ventilation/perfusion relationships after liver transplantation…,Digestive system diseases,0.5919,BEGINNER,normal,"The model likely classified this abstract under digestive system diseases because it mentions ""syndrome,"" which is a term used to describe a group of symptoms that occur together. In this case, the syndrome being discussed is hepatopulmonary syndrome, which affects both the liver and lungs. This condition can develop after liver transplantation due to changes in blood flow and oxygenation in the body. The presence of this syndrome suggests complications related to liver function and circulation, aligning with the broader category of digestive system diseases.",1.0,1.0,36.967426470588265,13.382205882352945,14.554592549557764
Color Doppler imaging. A new noninvasive technique to diagnose and monitor carot…,Cardiovascular diseases,0.791,BEGINNER,normal,"The model predicted Cardiovascular diseases, but no ontology-based features were available to explain this decision.",0.0,0.0,-11.429999999999978,18.580000000000002,17.122413403193683
Endometriosis associated with massive ascites and absence of pelvic peritoneum. …,Digestive system diseases,0.6624,BEGINNER,normal,"In making its prediction that the abstract belongs to the digestive system diseases category, the machine learning model likely focused on several key elements within the text. One crucial factor was the mention of ""ascites,"" which is a condition characterized by an accumulation of fluid in the abdomen. This is directly related to the digestive system because it affects organs such as the liver and spleen.

Another significant element was ""peritoneum,"" which refers to the thin layer of tissue lining the abdominal cavity. The presence of ""massive destruction of the pelvic peritoneum"" suggests severe damage to this protective lining, indicating potential complications like infection or inflammation.

Lastly, the term ""Endometriosis"" appeared prominently in the abstract, describing a condition involving abnormal growths of tissue similar to the lining inside the uterus outside the uterus. While Endometriosis itself does not fall under digestive system diseases, its association with other",1.0,1.0,22.075102040816347,15.397278911564623,16.26309291913925
Long-term evaluation of indobufen in peripheral vascular disease. Indobufen--an …,Cardiovascular diseases,0.923,BEGINNER,normal,"The model predicted cardiovascular diseases because the abstract mentions ""intermittent claudication,"" which is a symptom of peripheral vascular disease. This condition affects blood flow to the legs, causing pain during physical activity that improves with rest. Since indobufen, an inhibitor of platelet aggregation, has been used to treat this condition, the model likely inferred that treating peripheral vascular disease could potentially reduce cardiovascular risks associated with poor circulation. The mention of treadmill exercise tests and pain-free walking distances further supports this interpretation, indicating that the study aimed to assess the effects of indobufen on overall mobility and quality of life, both of which can have implications for cardiovascular health.",1.0,1.0,10.752396788990836,18.52924311926606,18.243605946275583
Salvage chemotherapy for patients with germ cell tumors. The Memorial Sloan-Kett…,Neoplasms,0.8961,BEGINNER,normal,"The model predicted Neoplasms, but no ontology-based features were available to explain this decision.",0.0,0.0,17.382142857142867,14.312857142857148,14.554592549557764
Evaluation of endosonography in TN staging of oesophageal cancer. Strategies for…,Neoplasms,0.6918,BEGINNER,normal,"When evaluating an abstract related to endosonography in the staging of oesophageal cancer, the model focused on keywords like ""cancer"" and ""staging."" These terms are crucial because they indicate that the study deals with diagnosing and categorizing cancers, specifically those affecting the oesophagus. Cancer refers to any abnormal growth of cells, while staging involves determining how far the cancer has spread within the body. By identifying these terms, the model likely recognized that the abstract discusses methods for assessing the severity of oesophageal cancer through imaging techniques such as computed tomography (CT), endoscopic ultrasound (EUS), and endosonography. This information suggests that the study aims to improve diagnostic accuracy and treatment strategies for oesophageal cancer patients. Therefore, the model classified the abstract under ""Neoplasms,"" indicating that it contains information about abnormal growths of",1.0,1.0,21.714090909090913,15.696060606060609,15.903189008614273
A unified hypothesis for the complex genetics of HLA associations with IDDM. Our…,General pathological conditions,0.7747,BEGINNER,normal,"The model predicted General pathological conditions, but no ontology-based features were available to explain this decision.",0.0,0.0,-10.329999999999984,18.675,18.243605946275583
The cancer experience in the Framingham Heart Study cohort. The almost 40-year r…,Neoplasms,0.7808,BEGINNER,normal,"When considering the abstract, the word ""colon"" stands out as crucial to the model's prediction of neoplasms. Colon refers to the large intestine that connects the small intestine to the rectum. In the context of the FHS study, colon cancer is one of the most common types of neoplasms among the subjects. This makes sense because colorectal cancers often develop over many years due to chronic inflammation and changes in DNA repair mechanisms. Therefore, the presence of colon-related information strongly suggests that the model focused on neoplastic processes involving the colon.",1.0,1.0,42.403758241758254,11.86624175824176,12.68835289967788
Long-term (5 to 20 years) Evolution of nongrafted aplastic anemias. The Cooperat…,General pathological conditions,0.8099,BEGINNER,normal,"When considering the abstract excerpt, the model likely focused on broad pathological conditions affecting multiple organs. Hepatitis and hemorrhage are two key terms highlighted by LIME feature attribution. Hepatitis refers to inflammation of the liver, which can lead to various symptoms like jaundice and fatigue. Hemorrhage involves bleeding within the body, potentially causing internal injuries or external wounds.

These terms are medically significant because they represent broader categories of pathology that could impact many different parts of the body over time. For example, chronic hepatitis might affect liver function, leading to anemia if the liver fails to produce enough red blood cells. Similarly, repeated minor hemorrhages could contribute to overall health deterioration through ongoing damage to tissues and organs.

In the context of the abstract, these concepts suggest a focus on long-term effects of aplastic anemia, which affects bone marrow production. Chronic inflammation and potential bleeding could complicate treatment decisions",1.0,1.0,23.538333333333384,14.116666666666667,15.021129683784007
Percutaneous biliary drainage for high obstruction. PBD is the preferred route o…,Digestive system diseases,0.7075,BEGINNER,normal,"The model predicted Digestive system diseases, but no ontology-based features were available to explain this decision.",0.0,0.0,5.532499999999999,16.462500000000002,17.122413403193683
Lower extremity arterial disease in elderly subjects with systolic hypertension.…,Cardiovascular diseases,0.9408,BEGINNER,normal,"When considering the abstract, the model focused on two key words that significantly influenced its decision: ""hypertension"" and ""atherosclerosis."" These terms are crucial because they directly relate to cardiovascular health.

""Hypertension,"" often referred to as high blood pressure, is a condition where the force of blood against artery walls is consistently too strong. This can lead to damage over time, potentially causing narrowing of arteries, especially those in the legs. When these arteries narrow due to plaque buildup (atherosclerosis), it affects blood flow, making it harder for oxygen-rich blood to reach the muscles and tissues in the legs.

The presence of both hypertension and atherosclerosis increases the likelihood of developing lower extremity arterial disease (LEAD), which is characterized by blockages in the arteries supplying blood to the legs. LEAD can impair mobility and increase the risk of complications such as amputation if left",1.0,1.0,31.69020979020982,13.914205794205795,15.532846611407376
Role of surgery in antibiotic-induced pseudomembranous enterocolitis. With the i…,Digestive system diseases,0.7851,BEGINNER,normal,"When considering the role of surgery in treating antibiotic-induced pseudomembranous enterocolitis, the model focused on two key factors that significantly influenced its decision:

Firstly, the term ""colitis"" stood out prominently. Colitis refers to inflammation of the colon, which is directly related to the condition described in the abstract. This suggests that the model recognized the importance of addressing intestinal inflammation, especially since pseudomembranous enterocolitis involves an overgrowth of Clostridium difficile bacteria leading to severe inflammation.

Secondly, the word ""perforation"" also played a crucial role. Perforation refers to a hole or tear in the wall of the intestine, which can lead to serious complications like sepsis if left untreated. Given that the abstract mentions potential colonic perforations, the model likely considered surgical intervention necessary to prevent such life-threatening outcomes.

These two terms—",1.0,1.0,17.348396946564918,15.488724100327154,17.122413403193683
Patient age and results of balloon aortic valvuloplasty: the Mansfield Scientifi…,Cardiovascular diseases,0.87,BEGINNER,normal,"When considering the abstract excerpt, the model focused heavily on two key phrases that point towards cardiovascular diseases: ""heart failure"" and ""congestive heart failure."" These terms indicate issues directly related to the heart failing properly, which is a major concern in cardiovascular health.

Heart failure refers to a condition where the heart cannot pump enough blood throughout the body efficiently. This can lead to various symptoms like fatigue, shortness of breath, and swelling in the legs. Congestive heart failure specifically describes heart failure that causes fluid buildup in the lungs, making breathing difficult.

Both these conditions fall under the broader category of cardiovascular diseases, which include diseases affecting the heart and blood vessels. They are significant because they significantly impact quality of life and often require long-term management.

In summary, the model likely considered heart failure and congestive heart failure as indicators of cardiovascular diseases due to their direct relation to heart function and overall",1.0,1.0,29.431310483870988,13.96754032258065,15.078166124597352
How ancient is temporal arteritis? Realism is one of the characteristics of Amar…,Cardiovascular diseases,0.9191,BEGINNER,normal,"The model predicted Cardiovascular diseases, but no ontology-based features were available to explain this decision.",0.0,0.0,-11.429999999999978,18.580000000000002,17.122413403193683
The role of elective lymph node dissection in the management of patients with th…,Neoplasms,0.8583,BEGINNER,normal,"When considering whether an electively removing lymph nodes might help manage patients with thick skin melanoma, the model focused on two key factors: the type of skin cancer and the treatment approach used. Patients with melanoma were found to have a relatively poor prognosis compared to other types of skin cancers, with a five-year survival rate of around 56%. This suggests that the primary concern was addressing the aggressive nature of the tumor rather than managing its spread through surgery.

In analyzing the data, the model noted that 116 out of 308 patients (37.7%) underwent elective lymph node dissection (ELND), while another group received only wide excisions without any lymph node removal. There was no significant difference observed in disease-free intervals (DFIs) or overall survival rates between these groups. This finding indicates that ELND did not provide additional benefit beyond the initial wide exc",1.0,1.0,42.01750000000001,12.509246031746034,14.955608360458719
Systemic chemotherapy for urothelial cancer in patients with ureteric obstructio…,Neoplasms,0.6457,BEGINNER,normal,"The model predicted Neoplasms, but no ontology-based features were available to explain this decision.",0.0,0.0,17.382142857142867,14.312857142857148,14.554592549557764
Central nervous system vasculitis after chickenpox--cause or coincidence? A 7.5 …,Cardiovascular diseases,0.4682,BEGINNER,normal,"When considering the abstract, the model focused heavily on two key words: ""vasculitis"" and ""chickenpox."" These terms are crucial because they point directly towards the cardiovascular diseases that were predicted.

Firstly, ""vasculitis"" refers to inflammation of the blood vessels, which can lead to damage and narrowing of arteries. This condition often results in blockages or ruptures within the blood vessels, potentially causing strokes or other neurological issues. In this case, the child had a stroke due to a clot in his middle cerebral artery, indicating significant vascular involvement.

Secondly, ""chickenpox,"" also known as varicella, is caused by the varicella-zoster virus. While typically mild, it can sometimes trigger complications like myocarditis (inflammation of the heart muscle), which could contribute to cardiovascular problems. However, in this scenario, the presence of the",1.0,1.0,33.07277616279072,12.652238372093024,14.90622815163357
Intraepithelial anchoring fibril components. Cultured human keratinocytes and cu…,Neoplasms,0.8585,BEGINNER,normal,"The model predicted neoplasms because the abstract mentions ""cancer,"" specifically ""cervical carcinoma."" Cancer is an abnormal growth of tissue caused by uncontrolled cell division, fitting the definition of neoplasms. The term ""cancer"" is medically significant here because it indicates a potentially serious condition requiring further investigation and treatment. The presence of ""anchoring fibrils"" and their interaction with ""keratinocytes"" also suggests a pathological process related to cell growth and differentiation, consistent with cancer development.",1.0,1.0,8.68111301369865,16.58229452054795,16.827784334635936
The effects of nonthyroid disease and drugs on thyroid function tests. Serious n…,General pathological conditions,0.6815,BEGINNER,normal,"The model predicted General pathological conditions, but no ontology-based features were available to explain this decision.",0.0,0.0,-10.329999999999984,18.675,18.243605946275583
Prostatic duct adenocarcinoma. Findings at radical prostatectomy. Previous studi…,Neoplasms,0.8511,BEGINNER,normal,"The model predicted Neoplasms, but no ontology-based features were available to explain this decision.",0.0,0.0,17.382142857142867,14.312857142857148,14.554592549557764
Review of clinical experience with digoxin immune Fab (ovine). Following the dev…,General pathological conditions,0.4776,BEGINNER,normal,"When considering the broad pathological conditions that could apply to this abstract, several key words stand out: ""heart,"" ""disease,"" and ""toxicity."" These terms suggest that the study focuses on heart-related issues caused by an accumulation of toxins within the body.

In the context of the biomedical abstract, ""heart"" refers to the muscular organ responsible for pumping blood throughout the body. When we talk about ""heart disease"" or ""cardiac toxicity,"" we're referring to conditions affecting the heart itself. This aligns well with the idea of ""pathological conditions"" mentioned in the model's prediction, indicating that the study likely examines how these conditions manifest or worsen due to exposure to digoxin.

""Disease"" further supports this interpretation, suggesting that the research aims to understand and treat conditions that cause harm to the heart. Lastly, ""toxicity"" implies that the study investigates how",1.0,1.0,33.825474452554744,13.403441084462987,14.955608360458719
Effect of increased left atrial pressure on breathing frequency in anesthetized …,Cardiovascular diseases,0.7793,BEGINNER,normal,"When considering the abstract excerpt, the term ""tachypnea"" stands out as crucial to the model's prediction. Tachypnea refers to rapid breathing, which can occur due to various conditions affecting the respiratory system. In this case, the study investigates how increased left atrial pressure influences breathing frequency in anesthetized dogs.

Tachypnea is directly related to cardiovascular issues because it often indicates underlying heart problems such as congestive heart failure or other cardiac dysfunctions. When the left atrium becomes distended due to increased pressure, it can lead to changes in breathing patterns, particularly faster breathing rates. This phenomenon is known as tachypnea, and it suggests that the model attributes increased left atrial pressure to potentially worsening heart function.

By identifying ""tachypnea"" as a significant factor, the model likely inferred that the presence of increased left atrial pressure would result",1.0,1.0,30.120364963503675,13.920229405630867,14.138980108339055
Extracorporeal shock wave lithotripsy of gallstones: results and 6-month follow-…,Digestive system diseases,0.8115,BEGINNER,normal,"The model predicted Digestive system diseases, but no ontology-based features were available to explain this decision.",0.0,0.0,5.532499999999999,16.462500000000002,17.122413403193683
A biphasic pattern of anti-pre-S responses in acute hepatitis B virus infection.…,Digestive system diseases,0.7331,BEGINNER,normal,"When considering the abstract excerpt, several key words and phrases stand out as being particularly important to the model's decision-making process. Among these, ""liver,"" ""disease,"" and ""hepatitis B"" emerge prominently due to their direct relevance to the topic.

Firstly, the mention of ""liver"" suggests that the model is focusing on an organ closely related to the digestive system, which aligns well with the target class of ""digestive system diseases."" This connection is crucial because the liver plays a vital role in processing and filtering blood, metabolizing nutrients, and producing proteins and enzymes essential for overall health.

Secondly, ""disease"" indicates that the model is evaluating potential issues within the body. Hepatitis B specifically refers to a viral infection that can cause inflammation of the liver, leading to various symptoms and complications if left untreated. Given that the abstract discusses anti-pre-S",1.0,1.0,27.82676258992808,14.311120246659815,15.343465313023842
Surgical prophylaxis of malignant melanoma. A review of a 14-year experience wit…,Neoplasms,0.8733,BEGINNER,normal,"The model predicted Neoplasms, but no ontology-based features were available to explain this decision.",0.0,0.0,17.382142857142867,14.312857142857148,14.554592549557764
"Rapid, nonradioactive detection of clonal T-cell receptor gene rearrangements in…",Neoplasms,0.7611,BEGINNER,normal,"The model predicted Neoplasms, but no ontology-based features were available to explain this decision.",0.0,0.0,17.382142857142867,14.312857142857148,14.554592549557764
Cavernous hemangioma of the spinal cord: report of 2 unusual cases. We present 2…,Neoplasms,0.7727,BEGINNER,normal,"When considering the abstract, the key words that influenced the model's prediction were ""hemangioma"" and ""spinal cord."" Hemangiomas are abnormal collections of blood vessels, while the spinal cord is part of the central nervous system. Both these conditions can cause tumors or masses within the body, which aligns with the term ""neoplasm,"" meaning an abnormal mass of cells.

""Hemangioma"" specifically refers to a type of tumor composed of blood vessel-like structures, often found in children. In this case, one patient had multiple spinal cord lesions, suggesting a complex pattern of neoplastic activity involving both hematopoietic tissues and neural elements.

""The spinal cord"" is a crucial component of the central nervous system responsible for transmitting information between the brain and the rest of the body. Any lesion affecting the spinal cord could potentially lead to serious neurological symptoms if left untreated.

These findings",1.0,1.0,38.49288732394368,12.92987927565392,14.756829357015494
Histochemical demonstration of 5'-nucleotidase activity in inflammatory muscle d…,General pathological conditions,0.6255,BEGINNER,normal,"When considering the broad pathological conditions that could apply to this abstract, several key terms stand out as being particularly relevant to the predicted class of ""General pathological conditions."" These include ""muscular dystrophy,"" ""disease,"" and ""polymyositis.""

Muscular dystrophy is a group of inherited genetic disorders characterized by progressive weakness and wasting of muscles. This condition fits well within the broader category of general pathological conditions because it involves significant cellular dysfunction and tissue damage.

Disease encompasses any abnormal process affecting living organisms. In this case, both muscular dystrophy and polymyositis fall under the umbrella term ""disease,"" making these terms crucial in determining the overall pathological nature of the study.

Polymyositis specifically refers to a form of inflammatory myopathy, which means muscle inflammation accompanied by muscle weakness. This aligns perfectly with the description of an ""inflammatory infiltrate"" observed",1.0,1.0,12.842906021897818,15.72232664233577,16.678067442207542
Refeeding of infants with acute diarrheal disease. The purpose of this study was…,Digestive system diseases,0.7134,BEGINNER,normal,"When considering whether an infant should receive a particular type of formula during their recovery from diarrhea, the primary concern is addressing the underlying cause of the illness—diarrhea itself. This is because diarrhea can lead to significant fluid loss and electrolyte imbalances that require proper nutrition to restore health. Among the options presented, the choice between different formulas depends on how well they address these needs.

In this case, the model focused on identifying which formula might best support the digestive process after diarrhea has subsided. It recognized that diarrhea often involves inflammation and potential damage to the intestinal lining, making it crucial to provide adequate nourishment without exacerbating any existing issues. Therefore, the decision hinges on finding a formula that supports gut healing while also providing essential nutrients.

Key factors influencing the model’s prediction include:
1. **Diarrhea**: Recognizing that diarrhea necessitates careful management to prevent further complications like malnutrition",1.0,1.0,14.655750000000012,15.87316666666667,16.678067442207542
HBV-DNA detection by gene amplification in acute hepatitis B. Serum samples from…,Digestive system diseases,0.7323,BEGINNER,normal,"When considering the abstract excerpt, several key words and phrases stand out as being particularly important to the model's decision-making process. Among these, ""hepatitis B"" and ""hepatitis"" are prominently featured, both appearing multiple times within the text.

""Hepatitis B"" refers to a viral infection that affects the liver, causing inflammation and potentially leading to serious health issues if left untreated. This condition falls under the broader category of digestive system diseases because it impacts organs like the liver, which is part of the gastrointestinal tract.

""Hepatitis,"" while more general than ""hepatitis B,"" still relates to liver-related diseases. It encompasses various forms of liver inflammation and damage caused by different pathogens, including viruses such as hepatitis B and C.

These terms are crucial because they indicate that the study involves testing for the presence of hepatitis B virus-DNA in serum samples from women who have been",1.0,1.0,24.778275862068966,14.949261083743846,16.084390811093357
Left ventricular diastolic function in patients with left ventricular systolic d…,Cardiovascular diseases,0.9485,BEGINNER,normal,"When considering the abstract excerpt, the model focused on two key words that significantly influenced its decision: ""myocardial infarction"" and ""coronary artery disease."" These terms are crucial because they describe the underlying causes of heart problems mentioned in the study.

Myocardial infarction refers to a heart attack caused by blocked arteries, often due to plaque buildup. This condition directly impacts the heart muscle, making it susceptible to damage or weakening over time. Coronary artery disease involves narrowing or blockage of these arteries, further increasing the risk of heart attacks and other cardiac issues.

These conditions fall under the broader category of cardiovascular diseases, which include various ailments affecting the heart and blood vessels. They are major contributors to global health challenges like heart failure, arrhythmias, and hypertension. Understanding these root causes helps healthcare providers tailor treatments and preventive measures effectively.

In summary, the model likely considered",1.0,1.0,25.22560882800613,13.770913242009133,14.867677710551934
Oxygen uptake and heart rate responses during hypoxic exercise in children and a…,General pathological conditions,0.5042,BEGINNER,normal,"The model predicted General pathological conditions, but no ontology-based features were available to explain this decision.",0.0,0.0,-10.329999999999984,18.675,18.243605946275583
Cellular immune response to hepatitis B virus-encoded antigens in acute and chro…,Digestive system diseases,0.7009,BEGINNER,normal,"When considering the classification of this abstract, the model focused on several key words and phrases related to the digestive system and liver health. Specifically, the mention of ""liver,"" ""hepatitis e,"" and ""hepatitis b"" were crucial determinants of the prediction.

""Hepatitis e"" refers to an inflammation of the liver caused by the hepatitis E virus, while ""hepatitis b"" indicates an inflammation due to the hepatitis B virus. Both these viral infections can significantly impact liver function and lead to various complications, making them important factors in predicting a diagnosis involving the digestive system.

Additionally, the term ""digestive system diseases"" encompasses conditions affecting organs such as the esophagus, stomach, intestines, liver, pancreas, and gallbladder. Given the focus on viral infections like hepatitis, which often affect these organs directly, the model likely considered how these viruses might",1.0,1.0,14.797500000000014,16.785,17.879347455551382
"CV 205-502--effectiveness, tolerability, and safety over 24-month study. Twenty …",General pathological conditions,0.5862,BEGINNER,normal,"The model predicted General pathological conditions, but no ontology-based features were available to explain this decision.",0.0,0.0,-10.329999999999984,18.675,18.243605946275583
The usefulness of simultaneous determinations of glucosaminylation and fucosylat…,Neoplasms,0.7992,BEGINNER,normal,"When considering whether an abstract might classify as ""Neoplasms,"" we need to look closely at the key words that influenced the model's decision. In this case, the word ""carcinoma"" stands out prominently.

""Carcinoma"" refers to any type of cancer that originates in epithelial tissues, meaning cells lining the surface of internal organs like the skin, lungs, or intestines. This term is crucial because it indicates a condition characterized by uncontrolled cell growth, which fits perfectly within the definition of ""neoplasms.""

Additionally, the phrase ""carcinoma metastatic to the liver from digestive organs"" suggests that the tumor has spread from another part of the body to the liver. This further supports the classification of ""neoplasms"" since metastasis involves abnormal growth of cells beyond their original location.

So, while the abstract discusses various types of cancers affecting different",1.0,1.0,36.23333333333335,12.996613756613758,14.955608360458719
Unusual aspects of aortovenous fistulas associated with ruptured abdominal aorti…,Cardiovascular diseases,0.718,BEGINNER,normal,"The model likely classified this abstract under cardiovascular diseases because the text mentions aortic venous fistulas, which are abnormal connections between arteries and veins that can occur in people with certain types of heart conditions. These fistulas often develop due to damage to the walls of the aorta, one of the main arteries carrying oxygen-rich blood throughout the body. When these fistulas form, they can lead to complications like bleeding or infection.

In this case, the abstract discusses three patients who had ruptured abdominal aortic aneurysms, which are enlarged areas of the aorta that have weakened walls. An aortovenous fistula forms when there is an abnormal connection between the aorta and a nearby vein. This condition can result in significant internal bleeding if left untreated, especially after surgery.

The presence of an aortovenous fistula complicates surgical procedures significantly, as surgeons need to carefully manage",1.0,1.0,31.442500000000024,13.984246031746036,16.954822765917157
Treatment of cervical spondylotic myelopathy by enlargement of the spinal canal …,Nervous system diseases,0.6074,BEGINNER,normal,"The model predicted Nervous system diseases, but no ontology-based features were available to explain this decision.",0.0,0.0,10.820000000000022,15.725000000000005,15.903189008614273
Stroke rehabilitation: Australian patient profile and functional outcome. A pros…,Nervous system diseases,0.5932,BEGINNER,normal,"The model predicted Nervous system diseases, but no ontology-based features were available to explain this decision.",0.0,0.0,10.820000000000022,15.725000000000005,15.903189008614273
Systemic hypertension in sleep apnea syndrome. Relationship with sleep architect…,Cardiovascular diseases,0.5745,BEGINNER,normal,"When considering the abstract excerpt, several key terms stand out as potentially influencing the model's prediction towards cardiovascular diseases:

1. **Hypertension** - This term indicates high blood pressure, which is a major risk factor for cardiovascular health. Hypertension can lead to complications such as heart attacks, strokes, and other conditions that fall under the broader category of cardiovascular diseases.

2. **Apnea** - Apnea refers to pauses in breathing during sleep. These disruptions can significantly impact sleep quality and increase the risk of developing cardiovascular issues over time.

3. **Syndrome** - In the context of sleep apnea syndrome, this term suggests a cluster of symptoms related to obstructive sleep apnea. Sleep apnea itself is strongly associated with cardiovascular problems due to its effects on sleep patterns and overall circadian rhythm.

These terms collectively suggest a strong connection between the condition described in the abstract and",1.0,1.0,24.54562500000003,14.21424645390071,14.90622815163357
Circadian variations in myocardial ischemia. Implications for management. Extend…,Cardiovascular diseases,0.8209,BEGINNER,normal,"The model predicted Cardiovascular diseases, but no ontology-based features were available to explain this decision.",0.0,0.0,-11.429999999999978,18.580000000000002,17.122413403193683
Characterization of auscultatory gaps with wideband external pulse recording. Th…,Cardiovascular diseases,0.7493,BEGINNER,normal,"The model predicted Cardiovascular diseases, but no ontology-based features were available to explain this decision.",0.0,0.0,-11.429999999999978,18.580000000000002,17.122413403193683
Infantile form of carnitine palmitoyltransferase II deficiency with hepatomuscul…,Digestive system diseases,0.5239,BEGINNER,normal,"The model likely classified this abstract under digestive system diseases because the phrase ""sudden death"" mentioned in the text suggests an underlying cardiovascular issue that could affect multiple organs, particularly the heart. The word ""heart"" itself is crucial here; it indicates that the condition involves cardiac complications. Additionally, the mention of ""heart beat disorders"" further supports this interpretation. While the abstract does discuss various aspects of CPT II deficiency, the focus on sudden death and heart-related issues strongly points towards a diagnosis involving the heart or circulatory system. This aligns with the broader definition of digestive system diseases encompassing both internal organ systems like the gastrointestinal tract and external ones such as the heart.",1.0,1.0,20.42984210526319,16.073929824561407,16.404322709996244
Amyotrophic lateral sclerosis: fasting plasma levels of cysteine and inorganic s…,Nervous system diseases,0.729,BEGINNER,normal,"The model likely classified Amyotrophic lateral sclerosis (ALS) as a nervous system disease because the abstract mentions ""brain,"" which is an essential part of the nervous system. The phrase ""cysteine and inorganic sulfate are normal in the brain"" suggests that these biomarkers are typically found within the brain, indicating their relevance to neurological processes. Additionally, the mention of ""genetically determined defect in cysteine degradation and in inorganic sulfate production"" implies a genetic basis for the condition, further supporting the diagnosis of a nervous system disorder. These findings align closely with the definition of ALS as a neurodegenerative disease affecting the central nervous system.",1.0,1.0,15.605546116504883,17.479684466019425,17.410965686947208
Resection of the primary liver cancer of the hepatic hilus. Primary liver cancer…,Neoplasms,0.7682,BEGINNER,normal,"When considering the abstract excerpt, the word ""cancer"" stands out as crucial to the model's prediction. Cancer refers to an abnormal growth of cells that can occur anywhere in the body, including the liver. In this case, the term ""primary liver cancer"" indicates a specific type of cancer originating in the liver. This aligns perfectly with the model's prediction of ""Neoplasms,"" which encompasses all types of abnormal tissue growths.

The phrase ""resection of the primary liver cancer"" further supports the model's decision. A resection involves removing a portion of the liver affected by cancer. Since the cancer is already considered a neoplasm, performing surgery to remove it fits within the broader category of neoplastic processes.

In summary, the combination of recognizing ""cancer"" and understanding its role in liver cancer led the model to classify the abstract as ""Neoplasms",1.0,1.0,37.291467391304366,12.343297101449277,14.554592549557764
Pulmonary resection combined with cardiac operations. Surgical management of pat…,Cardiovascular diseases,0.4145,BEGINNER,normal,"When considering the abstract, the word ""cancer"" stands out as a key influencer in the model's prediction. Cancer is a broad term that encompasses various types of diseases characterized by uncontrolled cell growth. In this case, the mention of ""carcinoma"" suggests an aggressive form of cancer, specifically one affecting cells within tissues. This aligns closely with cardiovascular diseases because cancers can metastasize to other parts of the body, potentially causing damage to organs like the heart.

Additionally, the phrase ""concomitant critical cardiac disease"" indicates that there was already significant health issues related to the heart prior to surgery. This coexisting condition further supports the likelihood of cancer involvement, as these conditions often precede or accompany malignancies.

Furthermore, the fact that all patients underwent concurrent pulmonary resection during cardiac operations highlights the complexity of managing such cases. Pulmonary resections involve removing diseased tissue",1.0,1.0,19.618750000000034,14.932500000000001,16.52667757954773
Neuro-ophthalmic manifestations of human immunodeficiency virus infection. Both …,Neoplasms,0.5218,BEGINNER,normal,"When considering the abstract excerpt, the model focused on two key words that significantly influenced its decision: ""brain"" and ""neoplasms."" These terms are crucial because they directly relate to the topic of human immunodeficiency virus (HIV) infection and its impact on the nervous system.

Firstly, the term ""brain"" is highly relevant because HIV can affect various parts of the central nervous system, including the brain. When HIV infects neurons, it disrupts their normal function, leading to inflammation and damage. This disruption can result in conditions such as encephalitis, meningitis, and other neurological disorders. Therefore, any mention of the brain in an abstract related to HIV suggests a high likelihood of neoplasms being discussed.

Secondly, the word ""neoplasms"" itself is significant because it indicates abnormal tissue growth, which aligns perfectly with the definition of",1.0,1.0,34.25225563909777,13.201954887218047,13.925175675911131
Postlaminectomy ossified extradural pseudocyst. Case report. A large ossified sp…,General pathological conditions,0.6085,BEGINNER,normal,"In making its prediction, the machine learning model focused on several key elements within the abstract excerpt. One crucial factor was the mention of a ""meningocele,"" which stands out prominently due to its direct relevance to the predicted class of ""General pathological conditions."" This term refers to an abnormal protrusion of brain tissue through the skull, often associated with congenital defects like neural tube defects.

The presence of a ""meningocele"" in the abstract suggests potential issues related to developmental abnormalities affecting the central nervous system. Such conditions can lead to various complications, including infections, hemorrhages, and structural deformities, all of which fall under the broader category of general pathological conditions. Therefore, the model likely attributed high importance to this finding because it highlighted a significant underlying issue that could contribute to the observed symptoms described in the case report.",1.0,1.0,20.815797362110345,16.111187050359714,16.92669308720184
Gallstone pancreatitis. Choosing and timing treatment. Patients with gallstone p…,Digestive system diseases,0.8022,BEGINNER,normal,"When considering the classification of this abstract, the model focused heavily on the term ""pancreatitis."" This word is directly related to digestive system diseases because pancreatic inflammation falls under the broader category of digestive system diseases. Pancreatitis involves damage to the pancreas, which can lead to various complications such as abdominal pain, nausea, vomiting, and even severe issues like acute pancreatitis that require immediate medical attention.

In the context of the abstract, ""pancreatitis"" indicates an urgent need for prompt diagnosis and timely intervention due to the potential severity of symptoms and complications associated with this condition. Therefore, the model likely prioritized this term as highly indicative of a digestive system disease, leading to the classification of ""Digestive system diseases"" rather than other categories like cardiovascular or respiratory diseases.",1.0,1.0,-0.24587499999998386,19.653375,20.075844112070616
Angiotensin converting enzyme inhibitors and quality of life. The term quality o…,Cardiovascular diseases,0.9435,BEGINNER,normal,"When considering the abstract excerpt, several key terms stand out as important factors influencing the model's prediction:

1. **Hypertension** - This condition is directly related to cardiovascular diseases, making it a significant factor in the model's decision.

2. **Depression** - While not explicitly mentioned in the abstract, depression is often associated with cardiovascular health issues. Depression can lead to lifestyle changes such as reduced physical activity and poor diet, both of which contribute to hypertension.

3. **Quality of Life** - Although not specifically discussed in the abstract, the inclusion of this term suggests an interest in assessing how well patients are managing their symptoms and overall wellbeing. Patients with hypertension may experience increased stress and anxiety due to their condition, potentially affecting their quality of life negatively.

These terms collectively highlight the interconnectedness between cardiovascular health and mental well-being, particularly in relation to hypertension. The model likely considered these",1.0,1.0,16.21398972602742,15.531609589041096,16.678067442207542
Swan-Ganz catheter-induced massive hemoptysis and pulmonary artery false aneurys…,Cardiovascular diseases,0.7713,BEGINNER,normal,"When considering the abstract excerpt, the model focused on two key words that strongly influenced its decision: ""pulmonary artery"" and ""hemoptysis."" These terms are directly related to cardiovascular diseases because:

""Pulmonary artery"" refers to one of the major arteries in the lungs, carrying oxygen-rich blood back to the heart after passing through the lungs. When there's damage or abnormality in this artery, it can lead to complications such as bleeding within the lung tissue (""hemoptysis""), which is a common symptom seen in patients with various cardiovascular conditions.

""Hemoptysis,"" on the other hand, describes coughing up blood from inside the lungs. It often occurs due to issues like inflammation, infection, or tumors in the airways or lungs. In the context of the abstract, the mention of ""massive hemoptysis"" suggests severe underlying health problems affecting the lungs, consistent with",1.0,1.0,31.749677615571812,14.503321167883211,15.688483145680365
